,base frame,end effector frame
0,arm_base_link,arm_7_link
,x,y,z,qx,qy,qz,qw,time
0,0.0,1.11022302463e-16,-0.0003,0.0,0.0,0.0,1.0,0.389704942703
1,0.0,1.11022302463e-16,-0.0003,0.0,0.0,0.0,1.0,0.893492937088
